runtime,case,target,usable,conclusion,aaDrift,invalid,ab_geometricMean,ab_lower,ab_upper,ab_logVariance,ab_classification,ab_quartet_log_effects,aa_geometricMean,aa_lower,aa_upper,aa_logVariance,aa_classification,aa_quartet_log_effects
bun,min-4096-full-entries,False,True,inconclusive,False,,1.0096975504896757,0.9746191576323199,1.0460384812684536,0.0004937938782472056,inconclusive,"[-0.018427368604712585, 0.0021766367516310135, 0.02582290816333999, 0.029031147877186504]",0.9934362784284828,0.9840125260640917,1.002950280770667,3.587910671611142e-05,within-margin,"[-0.013395017285111908, 0.0005448694564684198, -0.004468105653885626, -0.00902317659270156]"
node,min-4096-full-entries,False,True,within-margin,False,,0.9936642606164175,0.9707694903590075,1.0170989844986018,0.00021460258432415402,within-margin,"[-0.0012635857931282885, 0.004378835072132723, -0.0005327108585370059, -0.028006119863662166]",1.000791580902277,0.9862851372524886,1.0155113877057984,8.41987966569713e-05,within-margin,"[-0.0004713210954022046, -0.00793760619699133, 0.013689351803269603, -0.002115353441470987]"
bun,min-random-4096-enqueue,True,True,material-gain,False,,0.9626955779514486,0.9467679162133752,0.9788911938566393,0.00010992571190295435,material-gain,"[-0.03370557815674892, -0.0296152082147302, -0.05331248684376452, -0.035438869146573404]",0.9907428930466009,0.9824308502362904,0.9991252614738887,2.8034178734730365e-05,within-margin,"[-0.01012717071500116, -0.016382734306288855, -0.006339688427661111, -0.0043512875262690515]"
node,min-random-4096-enqueue,True,True,within-margin,False,,0.9555937031492358,0.9096600092128274,1.0038468397535365,0.0009584299124970238,within-margin,"[-0.023712547520222643, -0.08878926034702232, -0.04661022147899559, -0.022577782546768253]",0.99975484638867,0.9456340372950762,1.0569731137604403,0.0012233132291140723,inconclusive,"[-0.048928245687984345, 0.029917830837695232, -0.001439719571833871, 0.01946939975656786]"
bun,singleton-list-push,False,True,within-margin,False,,1.0022240246271346,0.9899868117300189,1.014612501538796,5.960781088942144e-05,within-margin,"[0.009604380349612762, 0.006338637809039593, -0.008069489765706157, 0.0010126921876337002]",0.9962229935944316,0.9871187983038432,1.0054111568654003,3.3288323037789515e-05,within-margin,"[-0.009908831448384309, 0.0030364664082960123, -0.0013401565360836544, -0.00692410764758325]"
node,singleton-list-push,False,True,inconclusive,False,,0.9918557039655684,0.9587896715123493,1.0260620934070652,0.0004540341812254343,inconclusive,"[0.004533725601475453, -8.752586164407702e-07, 0.002773466540617637, -0.040016884842207764]",1.0030447840609593,0.9894243100744168,1.0168527583036902,7.382655410197454e-05,within-margin,"[-0.0014012313407929917, -0.006395097796407762, 0.012846321908756144, 0.007110639603001809]"
bun,singleton-tied-enqueue,False,True,within-margin,False,,0.9647810767932573,0.9214323053455061,1.0101691906594672,0.0008346851978232447,within-margin,"[-0.016129756990660625, -0.025360140080745584, -0.023139510018623098, -0.07878686013888017]",1.007195412368026,0.9972534473592711,1.017236492269286,3.886506831526074e-05,within-margin,"[0.015495056416026273, 0.0009333430854891866, 0.007887073003225139, 0.00436312309718156]"
node,singleton-tied-enqueue,False,True,within-margin,False,,0.9849854876451359,0.9679512055006753,1.0023195439585093,0.00012019632326233433,within-margin,"[-0.0005409472633182504, -0.016036252290507147, -0.027135677691999826, -0.01680060784928316]",0.9859632152978279,0.9718911241507598,1.0002390574045772,8.161487000887101e-05,within-margin,"[-0.004920187816926403, -0.02575913584019192, -0.016243448784224273, -0.00962215586105597]"
bun,singleton-map-set-number,False,True,within-margin,False,,0.9981065621949001,0.9849172880170248,1.0114724572479044,6.988702262244934e-05,within-margin,"[0.006763476062274509, -0.003079398593401053, 0.0016252914218764507, -0.012890299388367579]",1.0085988521563793,0.9882327419322242,1.0293846797487844,0.00016434679267740584,inconclusive,"[0.0068523876435068465, 0.002404529739493777, 0.027008733699589362, -0.0020172806685738644]"
node,singleton-map-set-number,False,True,inconclusive,False,,0.9965642701421117,0.9612818423979909,1.0331416871938572,0.0005131586672747056,inconclusive,"[0.024594295611247638, -0.02935522725843018, 0.0018097052915553684, -0.010815355769868008]",0.9982466705403085,0.9724930147996986,1.0246823371271787,0.00026981525968138996,inconclusive,"[-0.0019424491415936515, 0.0044103119800084425, 0.01466683544860195, -0.024154171650331784]"
bun,min-improving-4096-enqueue,False,True,material-gain,False,,0.9107094237538373,0.8768500768113359,0.9458762409306367,0.0005669409799527234,material-gain,"[-0.09305731178358051, -0.07896449776996979, -0.0748289210629818, -0.12727485597671345]",0.9928322200302638,0.9864995635162207,0.9992055278937936,1.617094664634245e-05,within-margin,"[-0.009264823953900138, -0.00508445711307255, -0.01167200907659358, -0.002753077542305831]"
node,min-improving-4096-enqueue,False,True,material-gain,False,,0.851635146982438,0.8238832810711582,0.8803218128578053,0.00043347415701209765,material-gain,"[-0.14406141884178011, -0.1567102859526119, -0.1908501200251492, -0.1507664756255561]",1.0003125690746735,0.9410398849229578,1.0633186243011306,0.0014735613681382438,inconclusive,"[0.007643486891525613, -0.030551060042652872, 0.05168620320740029, -0.027528549115724044]"
bun,min-4096-pop-256,False,True,within-margin,False,,0.9941135357003029,0.9803650092072776,1.0080548699526364,7.65983338064821e-05,within-margin,"[-0.018983218851624996, -0.00048094442789692674, -0.002017618518204931, -0.002133649489577349]",0.9965096432645373,0.9759455134708883,1.0175070794552474,0.0001717258522227276,within-margin,"[-0.013006139259650613, -0.008760393156566612, 0.015888360005517445, -0.008107676555711]"
node,min-4096-pop-256,False,True,within-margin,False,,0.9999488091095706,0.998518066277814,1.0013816020044355,8.097057254767742e-07,within-margin,"[-0.00039098496573946977, 0.0011406851953594886, 3.757720500490022e-05, -0.0009920462375358984]",1.0001655513187846,0.9930111114797281,1.00737153741832,2.03545370119718e-05,within-margin,"[-0.004018853130408661, 0.00580517397999046, 0.001749853053785669, -0.0028740234366580056]"
bun,empty-single-enqueue,False,True,inconclusive,False,,0.987206831455467,0.9481286717057152,1.0278956402816566,0.0006442754152250564,inconclusive,"[-0.05092849856072108, -0.0013189128116063552, 0.0007134282415532872, 3.1159838445886726e-05]",1.0063728737587778,0.9887018721416181,1.0243597079913622,0.00012394371764859477,inconclusive,"[-0.005146687268129008, 0.005962885019706554, 0.003111104133301361, 0.02148330956902944]"
node,empty-single-enqueue,False,True,material-gain,False,,0.9344536109490068,0.9118370626274526,0.9576311238101107,0.00023707936699427173,material-gain,"[-0.061204794705176306, -0.06916715299783288, -0.05234035277043506, -0.0884608748171786]",1.0060723905696065,0.9770037037716593,1.0360059548996399,0.0003394939944242642,inconclusive,"[-0.0014711903695793377, 0.033159562662736834, 0.00047389709432221674, -0.00794615776611074]"
bun,min-worsening-4096-enqueue,False,True,within-margin,False,,0.9818863925559834,0.9694857974707578,0.9944456024026308,6.379906825116496e-05,within-margin,"[-0.023535646050520793, -0.02328470046556035, -0.01970954781349333, -0.006588774397559152]",0.9949658520361733,0.9890532473783363,1.0009138025097513,1.4030281002197149e-05,within-margin,"[-0.009067309392602488, -7.113695168589791e-05, -0.006121463259261878, -0.004927538292884788]"
node,min-worsening-4096-enqueue,False,True,inconclusive,False,,0.9634047554176011,0.9070481185433749,1.023262938080681,0.0014350180066805178,inconclusive,"[0.007240108966926185, -0.02130040078599289, -0.07842259555609962, -0.056643707505397795]",0.9927591260997185,0.9847076574377692,1.0008764276483368,2.6189935698629086e-05,within-margin,"[-0.011578357620357572, -0.008392242883513822, -0.009236467413860708, 0.00013820285415585523]"
bun,max-random-4096-enqueue,True,True,within-margin,False,,0.9672797972769231,0.9369314721328984,0.9986111407808188,0.0004013382540058404,within-margin,"[-0.024410352409505107, -0.01388094523283632, -0.034144007156322834, -0.06063461398821656]",0.9941409892066491,0.9655974332136305,1.0235283073729111,0.00033518083481394716,inconclusive,"[-0.007269525111440469, -0.02481163251635788, 0.019093917348140275, -0.010517728263549988]"
node,max-random-4096-enqueue,True,True,material-gain,False,,0.9410397529376046,0.9117253048177053,0.971296740289478,0.00039554239802897895,material-gain,"[-0.06876756381946067, -0.06030432207734687, -0.03361494460606711, -0.08039274898452273]",1.0034803436380337,0.9751736869318752,1.032608666089093,0.0003233661095455214,inconclusive,"[0.02366190636348556, 0.010809665059978536, -0.002225097303977681, -0.018349269088437068]"
